,total-notices,Court Order,Other Request type,no-action,tos-unrelated,geoblock,complied,unique-sites,%-tos-violation,% -compliance
Turkey,25,25,0,8,1,16,16,33,4.00%,64%
Russia,94,0,94,24,17,53,53,60,18.09%,56%
Brazil,2,0,2,0,2,0,0,1,100.00%,0%
France,2,0,2,0,1,1,1,4,50.00%,50%
Pakistan,4,0,4,3,1,0,0,6,25.00%,0%
Netherlands,2,0,2,0,2,0,0,2,100.00%,0%
Sri Lanka,1,0,1,1,0,0,0,1,0.00%,0%
Republic of Chile,1,0,1,1,0,0,0,1,0.00%,0%
Germany,5,1,4,3,1,1,1,5,20.00%,20%
Mexico,1,0,1,0,1,0,0,1,100.00%,0%
Malaysia,4,0,4,2,2,0,0,2,50.00%,0%
Poland,1,0,1,0,1,0,0,117,100.00%,0%
Republic of Korea,1,0,1,0,1,0,0,1,100.00%,0%
All Countries,143,26,117,42,30,71,71,234,20.98%,49.65%